<?xml version="1.0" encoding="UTF-8"?>
<project-private xmlns="http://www.netbeans.org/ns/project-private/1">
    <editor-bookmarks xmlns="http://www.netbeans.org/ns/editor-bookmarks/2" lastBookmarkId="0"/>
    <open-files xmlns="http://www.netbeans.org/ns/projectui-open-files/2">
        <group>
            <file>file:/E:/Meu%20Drive/Classroom/5º%20SEMESTRE%20-%20TURMA%2024/APLICACOES%20ORIENTADAS%20A%20OBJETOS%20TURMA%2024%20-%20MM/activities/products-mvc-activity-03/web/list.jsp</file>
            <file>file:/E:/Meu%20Drive/Classroom/5º%20SEMESTRE%20-%20TURMA%2024/APLICACOES%20ORIENTADAS%20A%20OBJETOS%20TURMA%2024%20-%20MM/activities/products-mvc-activity-03/web/register.html</file>
            <file>file:/E:/Meu%20Drive/Classroom/5º%20SEMESTRE%20-%20TURMA%2024/APLICACOES%20ORIENTADAS%20A%20OBJETOS%20TURMA%2024%20-%20MM/activities/products-mvc-activity-03/src/java/controller/Ctrl.java</file>
            <file>file:/E:/Meu%20Drive/Classroom/5º%20SEMESTRE%20-%20TURMA%2024/APLICACOES%20ORIENTADAS%20A%20OBJETOS%20TURMA%2024%20-%20MM/activities/products-mvc-activity-03/web/index.html</file>
            <file>file:/E:/Meu%20Drive/Classroom/5º%20SEMESTRE%20-%20TURMA%2024/APLICACOES%20ORIENTADAS%20A%20OBJETOS%20TURMA%2024%20-%20MM/activities/products-mvc-activity-03/src/java/dao/UserDAO.java</file>
            <file>file:/E:/Meu%20Drive/Classroom/5º%20SEMESTRE%20-%20TURMA%2024/APLICACOES%20ORIENTADAS%20A%20OBJETOS%20TURMA%2024%20-%20MM/activities/products-mvc-activity-03/src/java/model/Product.java</file>
            <file>file:/E:/Meu%20Drive/Classroom/5º%20SEMESTRE%20-%20TURMA%2024/APLICACOES%20ORIENTADAS%20A%20OBJETOS%20TURMA%2024%20-%20MM/activities/products-mvc-activity-03/web/showDatas.jsp</file>
        </group>
    </open-files>
</project-private>
